{
  "title": "",
  "description": "",
  "variables": {
    "bucketName": {
      "type": "string"
    },
    "hitTotal": {
      "type": "number",
      "defaultValue": 0
    },
    "namespace": {
      "type": "string",
      "input": "fromUrl"
    },
    "opensearchHit": {
      "type": "opensearchHitType[]"
    },
    "opensearchHitADP": {
      "type": "vb/ArrayDataProvider2",
      "defaultValue": {
        "data": "{{ $variables.opensearchHit }}"
      }
    },
    "opensearchResponse": {
      "type": "opensearchResponseType"
    },
    "preAuthRequestURL": {
      "type": "string"
    },
    "rawSearch": {
      "type": "string"
    },
    "searchText": {
      "type": "string"
    },
    "testListSDP": {
      "type": "vb/ServiceDataProvider",
      "defaultValue": {

        "keyAttributes": "@value",
        "itemsPath": "items",
        "responseType": "getallTestResponse",
        "transformsContext": {
          "vb-textFilterAttributes": [
            "title"
          ]
        },
        "fetchChainId": "getall_TestFetchAction"
      }
    }

  },
  "metadata": {},
  "types": {
    "@decorators.getallTestResponse": {
      "endpoint": "getall_Test",
      "service": "businessObjects",
      "path": "response"
    },
    "@decorators.opensearchResponseType": {
      "endpoint": "search",
      "service": "opensearch",
      "path": "response"
    },
    "@decorators.searchResponse": {
      "endpoint": "search",
      "service": "opensearch",
      "path": "response"
    },
    "getallTestResponse": {
      "items": [
        {

          "title": "string"
        }
      ]
    },
    "opensearchResponseType": {
      "_shards": {
        "failed": "number",
        "skipped": "number",
        "successful": "number",
        "total": "number"
      },
      "hits": {
        "hits": [
          {
            "_id": "string",
            "_index": "string",
            "_score": "number",
            "_source": {
              "applicationName": "string",
              "author": "string",
              "content": "string",
              "contentType": "string",
              "creationDate": "string",
              "date": "string",
              "modified": "string",
              "other1": "string",
              "other2": "string",
              "other3": "string",
              "parsedBy": "string",
              "path": "string",
              "publisher": "string"
            },
            "_type": "string"
          }
        ],
        "max_score": "number",
        "total": {
          "relation": "string",
          "value": "number"
        }
      },
      "timed_out": "boolean",
      "took": "number"
    },
    "opensearchHitType": {
      "_id": "string",
      "_index": "string",
      "_score": "number",
      "_source": {
        "applicationName": "string",
        "author": "string",
        "content": "string",
        "contentType": "string",
        "creationDate": "string",
        "date": "string",
        "embedded_depth": "string",
        "modified": "string",
        "other1": "string",
        "other2": "string",
        "other3": "string",
        "parsedBy": "string",
        "path": "string",
        "publisher": "string"
      },
      "_type": "string"
    },
    "searchResponse": {
      "hits": {
        "hits": [
          {
            "_id": "string",
            "_index": "string",
            "_score": "number",
            "_source": {
              "category": "string",
              "id": "number",
              "text": "string",
              "title": "string",
              "url": "string"
            },
            "_type": "string"
          }
        ]
      }
    }

  },
  "eventListeners": {
    "buttonAction": {
      "chains": [
        {
          "chainId": "ButtonActionChain"
        }
      ]
    },
    "buttonAction2": {
      "chains": [
        {
          "chainId": "InputSearchValueActionChain1"
        }
      ]
    },
    "buttonAction3": {
      "chains": [
        {
          "chainId": "ButtonActionChain1"
        }
      ]
    },
    "inputSearchValueAction2": {
      "chains": [
        {
          "chainId": "InputSearchValueActionChain1",
          "parameters": {
            "value": "{{$event.detail.value}}",
            "itemContext": "{{$event.detail.itemContext}}"
          }
        }
      ]
    },
    "spanClick": {
      "chains": [
        {
          "chainId": "clickPreAuth",
          "parameters": {
            "key": "{{ $current.key }}",
            "index": "{{ $current.index }}",
            "current": "{{ $current }}"
          }
        }
      ]
    },
    "toggleDrawer": {
      "chains": [
        {
          "chainId": "application:toggleDrawerHandler"
        }
      ]
    }

  },
  "imports": {
    "components": {
      "oj-button": {
        "path": "ojs/ojbutton"
      },
      "oj-input-search": {
        "path": "ojs/ojinputsearch"
      },
      "oj-list-item-layout": {
        "path": "ojs/ojlistitemlayout"
      },
      "oj-list-view": {
        "path": "ojs/ojlistview"
      }

    }
  }
}