{
  "id": "opensearch",
  "description": "A new VB app",
  "defaultPage": "shell",
  "services": {},
  "translations": {
    "app": {
      "path": "./resources/strings/app/nls/app-strings"
    }
  },
  "events": {
    "navigateToItem": {
      "payloadType": {
        "item": "string"
      },
      "description": "Event to configure navigation between items/tabs."
    },
    "toggleDrawer": {
      "description": "Event to toggle the drawer."
    }
  },
  "types": {
    "@decorators.preAuthRequest": {
      "endpoint": "preAuthRequest",
      "service": "objectStoragePreAuthRequest",
      "path": "request"
    },
    "navigationItem": {
      "id": "string",
      "name": "string",
      "iconClass": "string"
    },
    "globalHeaderItem": {
      "id": "string",
      "name": "string",
      "iconClass": "string"
    },
    "avatarMenuItem": {
      "id": "string",
      "name": "string",
      "iconClass": "string"
    },
    "objectStorageItemType": {
      "bucketName": "string",
      "namespace": "string",
      "objectName": "string"
    },
    "preAuthRequest": {
      "accessType": "string",
      "name": "string",
      "objectName": "string",
      "timeExpires": "string"
    }

  },
  "variables": {

    "globalHeadersADP": {
      "type": "vb/ArrayDataProvider2",
      "description": "The model describing the Global Applications headers",
      "defaultValue": {
        "keyAttributes": "id",
        "data": "{{ $variables.globalHeadersData }}",
        "itemType": "navigationItem"
      }
    },
    "navigationADP": {
      "type": "vb/ArrayDataProvider2",
      "description": "The model describing the flows in the app",
      "defaultValue": {
        "keyAttributes": "id",
        "data": "{{ $variables.navigationData }}",
        "itemType": "navigationItem"
      }
    },
    "avatarItems": {
      "type": "avatarMenuItem[]",
      "defaultValue": [
        {
          "name": "Sign Out",
          "id": "signout",
          "iconClass": "oj-ux-ico-logout"
        }
      ]
    },
    "globalHeadersData": {
      "type": "globalHeaderItem[]",
      "defaultValue": [
        {
          "name": "Example 1",
          "id": "settings",
          "iconClass": "oj-ux-ico-settings"
        },
        {
          "name": "Example 2",
          "id": "like",
          "iconClass": "oj-ux-ico-thumbs-up"
        },
        {
          "name": "Example 3",
          "id": "bookmark",
          "iconClass": "oj-ux-ico-bookmark-add"
        }
      ]
    },
    "navigationData": {
      "type": "navigationItem[]",
      "defaultValue": [
        {
          "name": "Simple",
          "id": "simple",
          "iconClass": "oj-ux-ico-list"
        },
        {
          "name": "Advanced",
          "id": "advanced",
          "iconClass": "oj-ux-ico-list"
        },
        {
          "name": "Other",
          "id": "other",
          "iconClass": "oj-ux-ico-list"
        }
      ]
    },
    "region": {
      "type": "string",
      "defaultValue": "eu-frankfurt-1"
    }

  },
  "eventListeners": {
    "vbResourceChanged": {
      "chains": [
        {
          "chainId": "resourceChangedHandler",
          "parameters": {
            "event": "{{ $event }}"
          }
        }
      ]
    }
  },
  "userConfig": {
    "type": "vb/DefaultSecurityProvider",
    "configuration": {
      "authentication": {
        "type": "implicit"
      }
   },
    "embedding": "any"
  },
  "security": {
    "access": {
      "requiresAuthentication": false
    }
  },
  "imports": {
    "css": [
      "https://static.oracle.com/cdn/fnd/gallery/2201.2.0/images/iconfont/ojuxIconFont.min.css",
      "/resources/css/app.css"
    ]
  },
  "@dt": {
    "applicationTemplateType": "redwood"
  }
}