{
    "openapi": "3.0.0",
    "info": {
        "title": "objectStoragePreAuthRequest",
        "version": "1.0.0"
    },
    "servers": [
        {
            "url": "https://objectstorage.eu-frankfurt-1.oraclecloud.com",
            "description": "Objectstorage Eu Frankfurt 1 Oraclecloud Com",
            "x-vb": {
                "authentication": {
                    "authenticated": {
                        "type": "http_signature_oci",
                        "credentials": "vb_164596f9-8d5f-46e6-bab1-3f29fafc0df9"
                    }
                },
                "forceProxy": "cors"
            }
        }
    ],
    "paths": {
        "/n/{namespace}/b/{bucketName}/p/": {
            "parameters": [
                {
                    "name": "namespace",
                    "in": "path",
                    "required": true,
                    "schema": {
                        "type": "string"
                    },
                    "x-vb": {
                        "defaultValue": "frsxwtjslf35"
                    }
                },
                {
                    "name": "bucketName",
                    "in": "path",
                    "required": true,
                    "schema": {
                        "type": "string"
                    },
                    "x-vb": {
                        "defaultValue": "opensearch-bucket"
                    }
                }
            ],
            "post": {
                "operationId": "preAuthRequest",
                "requestBody": {
                    "content": {
                        "application/json": {
                            "schema": {
                                "$ref": "#/components/schemas/PostNNamespaceBBucketNamePRequest"
                            },
                            "examples": {
                                "vb": {
                                    "externalValue": "./examples/preAuthRequest/request_application_json_vb.json"
                                }
                            }
                        }
                    }
                },
                "responses": {
                    "default": {
                        "description": "Response for default",
                        "content": {
                            "application/json": {
                                "schema": {
                                    "$ref": "#/components/schemas/PostNNamespaceBBucketNamePResponse"
                                },
                                "examples": {
                                    "vb": {
                                        "summary": "Example stored by VB User",
                                        "externalValue": "./examples/preAuthRequest/response_default_application_json_vb.json"
                                    }
                                }
                            }
                        }
                    }
                },
                "x-vb": {
                    "actionHint": "getOne"
                }
            }
        }
    },
    "components": {
        "schemas": {
            "PostNFrsxwtjslf35BMg-input-bucketORequest": {
                "type": "object",
                "properties": {
                    "accessType": {
                        "type": "string"
                    },
                    "name": {
                        "type": "string"
                    },
                    "timeExpires": {
                        "type": "string"
                    },
                    "objectName": {
                        "type": "string"
                    }
                }
            },
            "PostNNamespaceBBucketNamePResponse": {
                "type": "object",
                "properties": {
                    "accessUri": {
                        "type": "string"
                    },
                    "id": {
                        "type": "string"
                    },
                    "name": {
                        "type": "string"
                    },
                    "accessType": {
                        "type": "string"
                    },
                    "bucketListingAction": {
                        "nullable": true
                    },
                    "objectName": {
                        "type": "string"
                    },
                    "timeCreated": {
                        "type": "string"
                    },
                    "timeExpires": {
                        "type": "string"
                    }
                }
            },
            "PostNNamespaceBBucketNamePRequest": {
                "type": "object",
                "properties": {
                    "accessType": {
                        "type": "string"
                    },
                    "name": {
                        "type": "string"
                    },
                    "timeExpires": {
                        "type": "string"
                    },
                    "objectName": {
                        "type": "string"
                    }
                }
            }
        }
    }
}
