{
  "description": "",
  "root": "callRestSearch",
  "actions": {
    "fireNotification": {
      "module": "vb/action/builtin/fireNotificationEventAction",
      "parameters": {
        "target": "leaf",
        "summary": "[[ $chain.results.callRestSearch.message.summary ]]",
        "type": "error",
        "displayMode": "persist"
      }
    },
    "callRestSearch": {
      "module": "vb/action/builtin/restAction",
      "parameters": {
        "endpoint": "opensearch/search",
        "uriParams": {
          "q": "{{ $page.variables.searchText }}"
        }
      },
      "outcomes": {
        "failure": "fireNotification",
        "success": "assignVariablesOpensearchResponse"
      }
    },
    "assignVariablesOpensearchResponse": {
      "module": "vb/action/builtin/assignVariablesAction",
      "parameters": {
        "$page.variables.opensearchResponse": {
          "source": "{{ $chain.results.callRestSearch.body }}",
          "auto": "always"
        }
      },
      "outcomes": {
        "success": "assignVariablesHitTotal"
      }
    },
    "assignVariablesOpensearchHit": {
      "module": "vb/action/builtin/assignVariablesAction",
      "parameters": {
        "$page.variables.opensearchHit": {
          "source": "{{ $chain.results.callFunctionTruncateContent }}"
        }
      }
    },
    "callFunctionTruncateContent": {
      "module": "vb/action/builtin/callModuleFunctionAction",
      "parameters": {
        "module": "[[ $functions ]]",
        "functionName": "TruncateContent",
        "params": [
          "{{ $chain.results.callRestSearch.body.hits.hits }}"
        ],
        "returnType": "object[]"
      },
      "outcomes": {
        "success": "assignVariablesOpensearchHit"
      }
    },
    "assignVariablesHitTotal": {
      "module": "vb/action/builtin/assignVariablesAction",
      "parameters": {
        "$page.variables.hitTotal": {
          "source": "{{ $page.variables.opensearchResponse.hits.total.value }}"
        }
      },
      "outcomes": {
        "success": "callFunctionTruncateContent"
      }
    }
  },
  "variables": {}
}