{
  "description": "",
  "root": "callFunctionGetFutureDateUTC",
  "actions": {
    "fireNotification": {
      "module": "vb/action/builtin/fireNotificationEventAction",
      "parameters": {
        "target": "leaf",
        "summary": "[[ $chain.results.callRestPreAuthRequest.message.summary ]]",
        "type": "error",
        "displayMode": "persist"
      }
    },
    "callRestPreAuthRequest": {
      "module": "vb/action/builtin/restAction",
      "parameters": {
        "endpoint": "objectStoragePreAuthRequest/preAuthRequest",
        "uriParams": {
          "bucketName": "mg-input-bucket",
          "namespace": "frsxwtjslf35"
        },
        "body": "{{ $variables.request }}"      },
      "outcomes": {
        "failure": "fireNotification",
        "success": "assignVariablesPreAuthRequestURL"
      }
    },
    "openUrlPreAuthRequestURL": {
      "module": "vb/action/builtin/openUrlAction",
      "parameters": {
        "url": "[[ $page.variables.preAuthRequestURL ]]",
        "windowName": "_blank"
      }
    },
    "assignVariablesPreAuthRequestURL": {
      "module": "vb/action/builtin/assignVariablesAction",
      "parameters": {
        "$page.variables.preAuthRequestURL": {
          "source": "{{ \"https://objectstorage.eu-frankfurt-1.oraclecloud.com\" + $chain.results.callRestPreAuthRequest.body.accessUri }}"
        }
      },
      "outcomes": {
        "success": "openUrlPreAuthRequestURL"
      }
    },
    "assignVariablesRequest": {
      "module": "vb/action/builtin/assignVariablesAction",
      "parameters": {
        "$variables.request": {
          "source": {
            "accessType": "ObjectRead",
            "name": "par-vbcs",
            "timeExpires": "{{ $chain.results.callFunctionGetFutureDateUTC }}",
            "objectName": "{{ $variables.current.data._id }}"
          },
          "reset": "none",
          "auto": "always"
        }
      },
      "outcomes": {
        "success": "callRestPreAuthRequest"
      }
    },
    "callFunctionGetFutureDateUTC": {
      "module": "vb/action/builtin/callModuleFunctionAction",
      "parameters": {
        "module": "[[ $application.functions ]]",
        "functionName": "getFutureDateUTC"
      },
      "outcomes": {
        "success": "assignVariablesRequest"
      }
    }
  },
  "variables": {
    "key": {
      "required": true,
      "type": "any",
      "input": "fromCaller"
    },
    "index": {
      "required": true,
      "type": "number",
      "input": "fromCaller"
    },
    "current": {
      "required": true,
      "type": "any",
      "input": "fromCaller"
    },
    "request": {
      "type": "application:preAuthRequest"
    }
  }
}