{
  "description": "",
  "root": "callFunctionLog",
  "actions": {
    "assignVariablesSearchText": {
      "module": "vb/action/builtin/assignVariablesAction",
      "parameters": {
        "$page.variables.searchText": {
          "source": "{{ $variables.itemContext.data.title }}"
        }
      },
      "outcomes": {
        "success": "callChainButtonActionChain"
      }
    },
    "callChainButtonActionChain": {
      "module": "vb/action/builtin/callChainAction",
      "parameters": {
        "id": "ButtonActionChain"
      }
    },
    "callFunctionLog": {
      "module": "vb/action/builtin/callModuleFunctionAction",
      "parameters": {
        "module": "[[ $functions ]]",
        "functionName": "log",
        "params": [
          "{{ $variables.itemContext }}"
        ]
      },
      "outcomes": {
        "success": "ifItemContext"
      }
    },
    "ifItemContext": {
      "module": "vb/action/builtin/ifAction",
      "parameters": {
        "condition": "[[ $variables.itemContext ]]"
      },
      "outcomes": {
        "true": "assignVariablesSearchText",
        "false": "assignVariablesSearchText2"
      }
    },
    "assignVariablesSearchText2": {
      "module": "vb/action/builtin/assignVariablesAction",
      "parameters": {
        "$page.variables.searchText": {
          "source": "{{ $page.variables.rawSearch }}"
        }
      },
      "outcomes": {
        "success": "callChainButtonActionChain"
      }
    }
  },
  "variables": {
    "value": {
      "required": true,
      "type": "any",
      "input": "fromCaller"
    },
    "itemContext": {
      "required": true,
      "type": "any",
      "input": "fromCaller"
    }
  }
}