{
    "vbcs.dt.version": "20220614-22.10.1",
    "dependencies": {
        "upgrade": "micro",
        "paths": {
            "jet": "https://static.oracle.com/cdn/jet/12.0.4",
            "telemetry": "https://static.oracle.com/cdn/trace/6.0.1",
            "visualRuntime": "https://static.oracle.com/cdn/vb/2207.0.0"
        }
    },
    "source.version": "2207",
    "migration": {
        "2207": [
            "ACTJsSpecsMigrator",
            "AppUIRootPageMigrator",
            "RemoveReadOnlyAttrDynamicFormMigrator",
            "RemoveMetadataPathAttrMigrator"
        ]
    },
    "rootURL": "opensearchvisualbuilder",
    "version": "0.1"
}